com.badlogic.gdx.Game	a	0	dispose	0
com.badlogic.gdx.Game	b	2	resize	1
com.badlogic.gdx.files.FileHandle	a	0	FileHandle	1
com.badlogic.gdx.files.FileHandle	a	1	FileHandle	1
com.badlogic.gdx.Input	a	1	toString	1
com.badlogic.gdx.utils.Array	a	0	Array	0
com.badlogic.gdx.utils.Array	g	0	pop	0
com.badlogic.gdx.utils.Array	k	0	peek	0
com.badlogic.gdx.utils.Array	l	0	first	0
com.badlogic.gdx.utils.Array	m	0	shrink	0
com.badlogic.gdx.utils.Array	a	1	add	0
com.badlogic.gdx.utils.Array	b	1	add	0
com.badlogic.gdx.utils.Array	c	3	addAll	0
com.badlogic.gdx.utils.Array	d	3	addAll	0
com.badlogic.gdx.utils.Array	e	2	contains	1
com.badlogic.gdx.utils.Array	q	2	removeValue	1
com.badlogic.gdx.utils.Array	f	1	truncate	0
com.badlogic.gdx.utils.Array	p	1	truncate	0
com.badlogic.gdx.utils.Array	v	1	truncate	0
com.badlogic.gdx.utils.Array	h	2	indexOf	0
com.badlogic.gdx.utils.Array	i	2	set	1
com.badlogic.gdx.utils.Array	t	2	insert	1
com.badlogic.gdx.utils.Array	o	1	Array	0
com.badlogic.gdx.utils.Array	r	1	get	0
com.badlogic.gdx.utils.Array	s	0	clear	0
com.badlogic.gdx.utils.Array	u	1	Array	1
com.badlogic.gdx.utils.Array	a	2	Array	1
com.badlogic.gdx.utils.Array	a	3	Array	1
com.badlogic.gdx.utils.Base64Coder	a	2	CharMap	1
com.badlogic.gdx.utils.Base64Coder	a	1	decodeLines	0
com.badlogic.gdx.utils.Base64Coder	c	1	encodeString	1
com.badlogic.gdx.utils.Base64Coder	f	1	decodeString	1
com.badlogic.gdx.utils.Base64Coder	d	1	encode	1
com.badlogic.gdx.utils.Base64Coder	e	2	encode	1
com.badlogic.gdx.utils.Pool	c0	0	Pool	0
com.badlogic.gdx.utils.Pool	c0	1	Pool	1
com.badlogic.gdx.utils.Pool	c0	2	Pool	1
com.badlogic.gdx.utils.SerializationException	a	1	addTrace	1
com.badlogic.gdx.utils.GdxNativesLoader	i	0	load	0
com.badlogic.gdx.utils.GdxNativesLoader	c	0	load	0
com.badlogic.gdx.utils.StreamUtils	a	1	closeQuietly	1
com.badlogic.gdx.utils.JsonReader	h	1	unescape	1
com.badlogic.gdx.utils.JsonReader	g	0	stop	0
com.badlogic.gdx.utils.JsonValue	t	1	JsonValue	1
com.badlogic.gdx.utils.JsonValue	a	0	notEmpty	0
com.badlogic.gdx.utils.JsonValue	q	0	isEmpty	0
com.badlogic.gdx.utils.JsonValue	r	0	asBoolean	0
com.badlogic.gdx.utils.JsonValue	s	0	isArray	0
com.badlogic.gdx.utils.JsonValue	t	0	isObject	0
com.badlogic.gdx.utils.JsonValue	u	0	isString	0
com.badlogic.gdx.utils.JsonValue	v	0	isNumber	0
com.badlogic.gdx.utils.JsonValue	b	0	asByte	1
com.badlogic.gdx.utils.JsonValue	c	0	asDouble	1
com.badlogic.gdx.utils.JsonValue	d	0	asFloat	1
com.badlogic.gdx.utils.JsonValue	e	0	asFloatArray	1
com.badlogic.gdx.utils.JsonValue	f	0	size	0
com.badlogic.gdx.utils.JsonValue	g	0	asLong	1
com.badlogic.gdx.utils.JsonValue	h	0	asShort	1
com.badlogic.gdx.utils.JsonValue	i	0	asShortArray	1
com.badlogic.gdx.utils.JsonValue	j	0	asString	0
com.badlogic.gdx.utils.JsonValue	l	1	getFloat	1
com.badlogic.gdx.utils.JsonValue	m	2	getFloat	1
com.badlogic.gdx.utils.JsonValue	n	1	getShort	1
com.badlogic.gdx.utils.JsonWriter	a	1	setQuoteLongValues	1
com.badlogic.gdx.utils.JsonWriter	g	1	JsonObject	1
com.badlogic.gdx.utils.JsonWriter	b	1	quoteValue	1
com.badlogic.gdx.utils.JsonWriter	u	1	JsonWriter	1
com.badlogic.gdx.utils.JsonWriter	e	0	requireCommaOrName	1
com.badlogic.gdx.utils.JsonWriter	a	0	flush	1
com.badlogic.gdx.utils.JsonWriter	c	0	close	1
com.badlogic.gdx.utils.JsonWriter	d	0	close	1
com.badlogic.gdx.utils.ObjectMap	a	1	get	0
com.badlogic.gdx.utils.ObjectMap	d	1	remove	0
com.badlogic.gdx.utils.ObjectMap	e	1	remove	0
com.badlogic.gdx.utils.ObjectMap	k	1	remove	0
com.badlogic.gdx.utils.ObjectMap	b	0	clear	1
com.badlogic.gdx.utils.ObjectMap	a	0	findNextIndex	1
com.badlogic.gdx.utils.ObjectMap	c	0	ObjectMap	0
com.badlogic.gdx.utils.ObjectMap	y	0	entries	0
com.badlogic.gdx.utils.ObjectMap	g	0	iterator	0
com.badlogic.gdx.utils.ObjectMap	n	0	next	0
com.badlogic.gdx.utils.ObjectMap	e	2	put	1
com.badlogic.gdx.utils.ObjectMap	j	2	get	1
com.badlogic.gdx.utils.ObjectMap	h	1	place	1
com.badlogic.gdx.utils.ObjectMap	i	1	locateKey	1
com.badlogic.gdx.utils.ObjectMap	l	1	shrink	0
com.badlogic.gdx.utils.ObjectMap	m	0	toString	0
com.badlogic.gdx.Game	c	1	setScreen	1
com.badlogic.gdx.InputMultiplexer	a	1	addProcessor	1
com.badlogic.gdx.utils.Array	b	2	ArrayIterator	0
com.badlogic.gdx.utils.Array	n	1	equalsIdentity	0
com.badlogic.gdx.math.Matrix4	f	1	extract4x3Matrix	1
com.badlogic.gdx.math.Matrix4	a	1	extract4x3Matrix	1
com.badlogic.gdx.math.Matrix4	b	1	extract4x3Matrix	1
com.badlogic.gdx.math.Matrix4	c	1	extract4x3Matrix	1
com.badlogic.gdx.math.Matrix4	g	1	extract4x3Matrix	1
com.badlogic.gdx.math.Matrix4	j	1	extract4x3Matrix	1
com.badlogic.gdx.math.Matrix4	n	1	extract4x3Matrix	1
com.badlogic.gdx.math.Matrix4	o	1	extract4x3Matrix	1
com.badlogic.gdx.math.Matrix4	p	1	extract4x3Matrix	1
com.badlogic.gdx.math.Matrix4	q	1	extract4x3Matrix	1
com.badlogic.gdx.math.Matrix4	u	1	extract4x3Matrix	1
com.badlogic.gdx.math.Matrix4	h	2	prj	0
com.badlogic.gdx.math.Matrix4	k	2	rot	0
com.badlogic.gdx.assets.AssetManager	d	0	AssetManager	1
com.badlogic.gdx.assets.AssetManager	k	0	AssetManager	1
com.badlogic.gdx.assets.AssetManager	a	1	addTask	0
com.badlogic.gdx.assets.AssetManager	m	1	handleTaskError	0
com.badlogic.gdx.assets.AssetManager	n	1	incrementRefCountedDependencies	0
com.badlogic.gdx.assets.AssetManager	g	1	incrementRefCountedDependencies	0
com.badlogic.gdx.assets.AssetManager	u	1	setErrorListener	1
com.badlogic.gdx.assets.AssetManager	y	1	unload	0
com.badlogic.gdx.assets.AssetManager	p	2	setReferenceCount	0
com.badlogic.gdx.assets.AssetManager	o	2	injectDependencies	0
com.badlogic.gdx.assets.AssetManager	r	2	setLoader	0
com.badlogic.gdx.assets.AssetManager	v	2	setLoader	0
com.badlogic.gdx.assets.AssetManager	x	2	setReferenceCount	1
com.badlogic.gdx.assets.AssetManager	t	0	clear	0
com.badlogic.gdx.assets.AssetManager	b	0	clear	1
com.badlogic.gdx.assets.AssetManager	c	0	finishLoading	0
com.badlogic.gdx.assets.AssetManager	d	1	finishLoadingAsset	0
com.badlogic.gdx.assets.AssetManager	f	1	get	0
com.badlogic.gdx.assets.AssetManager	i	1	get	0
com.badlogic.gdx.assets.AssetManager	e	2	get	1
com.badlogic.gdx.assets.AssetManager	j	2	get	0
com.badlogic.gdx.assets.AssetManager	h	1	getAssetFileName	1
com.badlogic.gdx.assets.AssetManager	l	1	getReferenceCount	1
com.badlogic.gdx.assets.AssetManager	q	1	isLoaded	1
com.badlogic.gdx.assets.AssetManager	s	3	load	1
com.badlogic.gdx.assets.AssetManager	w	3	setLoader	0
com.badlogic.gdx.assets.AssetManager	z	0	update	1
com.badlogic.gdx.maps.MapProperties	a	1	containsKey	1
com.badlogic.gdx.maps.MapProperties	b	1	get	1
com.badlogic.gdx.maps.MapProperties	c	1	get	1
com.badlogic.gdx.math.Vector2	q	2	Vector2	1
com.badlogic.gdx.math.Rectangle	p	0	Rectangle	1
com.badlogic.gdx.math.Rectangle	p	4	Rectangle	1
com.badlogic.gdx.math.Rectangle	p	1	Rectangle	0
com.badlogic.gdx.math.Vector3	i	3	len	1
com.badlogic.gdx.math.Vector3	e	1	dst	1
com.badlogic.gdx.math.Vector3	f	1	dst2	0
com.badlogic.gdx.math.Vector3	g	0	isZero	1
com.badlogic.gdx.math.Vector3	h	0	len2	1
com.badlogic.gdx.math.Vector3	j	0	len2	1
com.badlogic.gdx.math.Vector3	a	3	at	1
com.badlogic.gdx.math.Vector3	a	1	fourth	0
com.badlogic.gdx.utils.viewport.Viewport	a	0	apply	1
com.badlogic.gdx.utils.viewport.Viewport	b	3	calculateScissors	1
com.badlogic.gdx.utils.viewport.Viewport	c	0	getCamera	1
com.badlogic.gdx.utils.viewport.Viewport	d	0	getScreenY	0
com.badlogic.gdx.utils.viewport.Viewport	e	0	getScreenY	0
com.badlogic.gdx.utils.viewport.Viewport	f	0	getScreenY	0
com.badlogic.gdx.utils.viewport.Viewport	g	0	getScreenY	0
com.badlogic.gdx.utils.viewport.Viewport	h	0	getWorldWidth	0
com.badlogic.gdx.utils.viewport.Viewport	i	0	getWorldWidth	0
com.badlogic.gdx.utils.viewport.Viewport	j	1	setWorldWidth	0
com.badlogic.gdx.utils.viewport.Viewport	k	1	setWorldWidth	0
com.badlogic.gdx.utils.viewport.Viewport	o	1	setWorldWidth	0
com.badlogic.gdx.utils.viewport.Viewport	l	4	setScreenBounds	1
com.badlogic.gdx.utils.viewport.Viewport	m	2	setWorldSize	0
com.badlogic.gdx.utils.viewport.Viewport	n	2	setWorldSize	0
